1,優勝戦は、意外に（　　　）勝負が決まった。,,,,
,1)あっけなく,2)そっけなく,3)はかなく,4)ものたりなく,1
,,,,,
2,この年は、周辺から人が集まりすぎて（　　　）状態だ。,,,,
,1)過密,2)窮屈,3)不潔,4)不服,1
,,,,,
3,病気が悪化し、（　　　）ものも食べられなくなった。,,,,
,1)まして,2)せめて,3)やけに,4)ろくに,4
,,,,,
4,聞き手の（　　　）がないと、スピーチをしていて話しづらい。,,,,
,1)応答,2)返答,3)対応,4)反応,4
,,,,,
5,駅前の再開発工事は、順調にいけば来年の１０月に完了する（　　　）だ。,,,,
,1)見合い,2)見込み,3)見積もり,4)見晴らし,2
,,,,,
6,仕事はできるだけ早めに始めるように（　　　）いる。,,,,
,1)いどんで,2)とりくんで,3)こころがけて,4)はかどって,3
,,,,,
7,田中さんは目上の人にはていねいだが、下の人にはとても（　　　）なる。,,,,
,1)おろかに,2)おろそかに,3)ぞんざいに,4)つきなみに,3
,,,,,
8,「近代」という（　　　）を、わかりやすく正確に説明するのは難しい。,,,,
,1)意識,2)概念,3)文脈,4)様相,2
,,,,,
9,山田さんは頼りにならないと思っていたが、今度の活躍を見てその考えを（　　　）。,,,,
,1)おさめた,2)あらためた,3)うちきった,4)おいだした,2
,,,,,
10,このアンケートに協力するかしないかは自由で、（　　　）はしないということにしたい。,,,,
,1)圧迫,2)強制,3)催促,4)一致,2
,,,,,
11,病院は日曜と祝日は休みだが、（　　　）の場合は診てもらえる。,,,,
,1)異常,2)緊急,3)多忙,4)不意,2
,,,,,
12,このいすは（　　　）はいいが、すわり心地が悪い。,,,,
,1)モデル,2)ジャンル,3)デザイン,4)デッサン,3
,,,,,
13,選挙の投票は権利でもあるが義務でもある。かんたんに（　　　）してはいけない。,,,,
,1)棄権,2)欠席,3)廃棄,4)放置,1
,,,,,
14,アルバイトの条件は、会社と（　　　）して決めることになっている。,,,,
,1)会見,2)交渉,3)対話,4)譲歩,2
,,,,,
15,彼は（　　　）から、多少困難な状況にあってもやっていける。,,,,
,1)いやらしい,2)このましい,3)たくましい,4)なれなれしい,3
,,,,,
16,通信手段の発達のおかげで、（　　　　）にいながら世界各地の様子を知ることができる。,,,,
,1)床の間,2)茶の間,3)客間,4)すき間,2
,,,,,
17,あなたに（　　　　）もらったお金、返さなくちゃ。いくらだったっけ。,,,,
,1)もちかえて,2)つめかえて,3)ふりかえて,4)たてかえて,4
,,,,,
18,失敗を重ねても、いっこうに気にする様子はない。あいつは実に（　　　　）男だ。,,,,
,1)くすぐったい,2)すばしこい,3)あっけない,4)しぶとい,4
,,,,,
19,彼女は何事にも（　　　　）取り組むタイプで、仕事はおそいが確実だ。,,,,
,1)じっくり,2)くっきり,3)てっきり,4)めっきり,1
,,,,,
20,彼と彼女は、高校の先輩と後輩という（　　　　）だそうです。,,,,
,1)つながり,2)なかま,3)あいだがら,4)どうし,3
,,,,,
21,あんなに部下を（　　　　）ばかりいないで、たまにはほめてもいいのに。,,,,
,1)こなして,2)けなして,3)せかして,4)くつがえして,2
,,,,,
22,彼がそこへ行ったという事実は（　　　　）で、疑うべくもない。,,,,
,1)明朗,2)明瞭,3)明白,4)明確,3
,,,,,
23,情報は、（　　　　）別にファイルを作って整理している。,,,,
,1)ジャンプ,2)ジャンパー,3)ジャンボ,4)ジャンル,4
,,,,,
24,彼は（　　　）から、多少困難な状況にあってもやっていける。,,,,
,1)いやらしい,2)このましい,3)たくましい,4)なれなれしい,3
,,,,,
25,優勝戦は、意外に（　　　）勝負が決まった。,,,,
,1)あっけなく,2)そっけなく,3)はかなく,4)ものたりなく,1
,,,,,
26,この都市は、周辺から人が集まりすぎて（　　　）状態だ。,,,,
,1)過密,2)窮屈,3)不潔,4)不服,1
,,,,,
27,病気が悪化し、（　　　）ものも食べられなくなった。,,,,
,1)まして,2)せめて,3)やけに,4)ろくに,4
,,,,,
28,聞き手の（　　　）がないと、、スピーチをしていて話づらい。,,,,
,1)応答,2)返答,3)対応,4)反応,4
,,,,,
29,駅前の再開発工事は、順調にいけば来年の１０月に完了する（　　　）だ。,,,,
,1)見合い,2)見込み,3)見積もり,4)見晴らし,2
,,,,,
30,仕事はできるだけ早めに始めるように（　　　）いる。,,,,
,1)いどんで,2)とりくんで,3)こころがけて,4)はかどって,3
,,,,,
31,田中さんは目上の人にはていねいだが、下の人にとても（　　　）なる。,,,,
,1)おろかに,2)おろそかに,3)ぞんざいに,4)つきなみに,3
,,,,,
32,「近代」という（　　　）を、わかりやすく正確に説明するのは難しい。,,,,
,1)意識,2)概念,3)文脈,4)様相,2
,,,,,
33,山田さんは頼りにならないと思っていたが、今度の活躍を見て考えを（　　）。,,,,
,1)おさめた,2)あらためた,3)うちきった,4)おいだした,2
,,,,,
34,このアンケートに協力するかしないかは自由で、（　　　）はしないということにしたい。,,,,
,1)圧迫,2)強制,3)催促,4)一致,2
,,,,,
35,病院は日曜と祝日は休みだが、（　　　）の場合は診てもらえる。,,,,
,1)異常,2)緊急,3)多忙,4)不意,2
,,,,,
36,このいすは（　　　）はいいが、すわり心地が悪い。,,,,
,1)モデル,2)ジャンル,3)デザイン,4)デッサン,3
,,,,,
37,選挙の投票は権利でもあるが義務でもある。かんたんに（　　　）してはいけない。,,,,
,1)棄権,2)欠席,3)廃棄,4)放置,1
,,,,,
38,アルバイトの条件は、会社と（　　　）して決めることになっている。,,,,
,1)会見,2)交渉,3)対話,4)譲歩,2
,,,,,
39,目を閉じると、楽しかった学生時代の思い出が（　　　）。,,,,
,1)よみがえる,2)ちかづける,3)すきとおる,4)たてまつる,1
,,,,,
40,彼はいつも（　　　）商売をする。,,,,
,1)けむたい,2)まぶしい,3)はかない,4)あくどい,4
,,,,,
41,うちの子は運転が乱暴で、事故を起こすのではないかと、わたしはいつも（　　　）している。,,,,
,1)おどおど,2)しみじみ,3)はらはら,4)ぼつぼつ,3
,,,,,
42,あの人は常に努力を（　　　）ので、尊敬されている。,,,,
,1)かばわない,2)おかさない,3)おこたらない,4)かたよらない,3
,,,,,
43,この事業を実行するためには、まず人材を（　　　）する必要がある。,,,,
,1)確信,2)確立,3)確率,4)確保,4
,,,,,
44,何回会議をやっても結論が出ないので、（　　　）いやになった。,,,,
,1)つくづく,2)わざわざ,3)ぞくぞくと,4)くれぐれも,1
,,,,,
45,畑に（　　　）小麦が芽を出した。,,,,
,1)ました,2)まった,3)まいた,4)まげた,3
,,,,,
46,公式の席では、その場に（　　　）服装が要求される。,,,,
,1)みぐるしい,2)めざましい,3)たくましい,4)ふさわしい,4
,,,,,
47,いくら努力しても成果があがらないので、（　　　）なってきた。,,,,
,1)とうとく,2)むなしく,3)ひさしく,4)たやすく,2
,,,,,
48,海外で買ってきた物を空港で（　　　）されることがある。,,,,
,1)収集,2)収容,3)徴収,4)没収,4
,,,,,
49,たいこの音が聞こえてきて、祭りの（　　　）がいちだんと盛り上がってきた。,,,,
,1)ブーム,2)ポーズ,3)ムード,4)リード,3
,,,,,
50,この古い寺の庭は（　　　）がある。,,,,
,1)おおすじ,2)おもむき,3)おとも,4)おそれ,2
,,,,,
51,時間がないので、話してください。,,,,
,1)ぞんざいに,2)おおまかに,3)にわかに,4)おろそかに,2
,,,,,
52,鈴木さんはいつも（　　　）ことを言って、まわりの人を困らせる。,,,,
,1)無効な,2)無念な,3)無茶な,4)無口な,3
,,,,,
53,わたしの秘書はとても（　　　）がいいので助かっている。,,,,
,1)てぎわ,2)しらべ,3)こころえ,4)うちわけ,1
,,,,,
54,このスープは塩の（　　　）がむずかしい。,,,,
,1)場合,2)調子,3)加減,4)場合,3
,,,,,
55,田中さんの結婚パーティーは、とても（　　　）だった。,,,,
,1)なごやか,2)ゆるやか,3)おろそか,4)しなやか,1
,,,,,
56,知らない漢字でも、その部首を見て意味を（　　　）できることがある。,,,,
,1)予知,2)予言,3)推進,4)類推,4
,,,,,
57,山田さんは、きょうのこの会のために、（　　　）遠くから来てくださいました。,,,,
,1)たっぶり,2)わざわざ,3)じっくり,4)つくづく,2
,,,,,
58,けがをしたが、その場ですぐ（　　　）処置をしたので、大事にはいたらなかった。,,,,
,1)救援,2)救助,3)応急,4)応援,3
,,,,,
59,仕事の（　　　）にほかの用事をすませました。,,,,
,1)合間,2)手間,3)空間,4)仲間,1
,,,,,
60,これは重さの割に（　　　）荷物だ。,,,,
,1)かせぐ,2)かさばる,3)かすむ,4)かぶれる,2
,,,,,
61,最近の青少年はしっかりしているようだが、精神的に（　　　）面がある。,,,,
,1)しぶい,2)だるい,3)ゆるい,4)もろい,4
,,,,,
62,首相の軽率な発言で、良好であった両国の関係が（　　　）。,,,,
,1)きずきはじめた,2)きたえはじめた,3)きしみはじめた,4)きざみはじめた,3
,,,,,
63,堀さんは（　　　）が広いから、それについての専門家を紹介してもらうといい。,,,,
,1)くち,2)かお,3)まゆ,4)みみ,2
,,,,,
64,非常時には、（　　　）行動が要求される。,,,,
,1)切実な,2)敏感な,3)迅速な,4)頻繁な,3
,,,,,
65,年をとったせいか、何をするのも（　　　）。,,,,
,1)まぎらわしい,2)なやましい,3)みすぼらしい,4)わずらわしい,4
,,,,,
66,鈴木さんは（　　　）がいいから、どんな洋服でもよく似合う。,,,,
,1)スタイル,2)スマート,3)ストップ,4)スタミナ,1
,,,,,
67,人間関係でこんなに苦労するなら、（　　　）この会社をやめてしまおう。,,,,
,1)いっこうに,2)いっしんに,3)いったい,4)いっそ,4
,,,,,
68,政府が、この問題にどう（　　　）するか注目される。,,,,
,1)対面,2)対比,3)対処,4)対等,3
,,,,,
69,駅から（　　　　　）３分の便利な所に住んでいる。,,,,
,1)歩行,2)徒歩,3)進歩,4)散歩,2
,,,,,
70,将来有望な人材を求める。年齢は３０歳まで。（　　　　　）は問わない。,,,,
,1)人格,2)体格,3)資格,4)性格,3
,,,,,
71,日本ほど国民の所得の（　　　　　）が少ない国は多くない。,,,,
,1)格差,2)差別,3)誤差,4)錯誤,1
,,,,,
72,目に見えない殺菌を、顕微鏡で（　　　　　）して見る。,,,,
,1)拡張,2)膨張,3)拡大,4)膨大,3
,,,,,
73,高校時代の友達が集まって、株式会社を（　　　　　）した。,,,,
,1)樹立,2)確立,3)私立,4)設立,4
,,,,,
74,死刑制度の（　　　　　）を呼びかける。,,,,
,1)閉鎖,2)廃棄,3)廃止,4)停止,3
,,,,,
75,初めての料理なので、味は（　　　　　）できません。,,,,
,1)保障,2)補助,3)保証,4)補償,3
,,,,,
76,「日本人はあいまいだ」という（　　　　　）をもたずに、接してほしい。,,,,
,1)意見,2)意義,3)異議,4)偏見,4
,,,,,
77,消化（　　　　　）がガンに冒された。,,,,
,1)機関,2)器官,3)器具,4)部品,2
,,,,,
78,農作物の収穫は、（　　　　　）条件に大きく左右される。,,,,
,1)気象,2)天候,3)気候,4)天気,1
,,,,,
79,酒の席とはいえ、みんなの前で「結婚する」と（　　　　　）してしまった。,,,,
,1)表現,2)宣言,3)伝言,4)説得,2
,,,,,
80,犯人は現行犯で（　　　　　）された。,,,,
,1)獲得,2)収穫,3)捕獲,4)逮捕,4
,,,,,
81,政治家という職業は、金銭感覚が（　　　　　）してしまうのだろうか？,,,,
,1)麻酔,2)疲労,3)麻痺,4)熟睡,3
,,,,,
82,先生に作文を（　　　　　）してもらった。,,,,
,1)削除,2)削減,3)軽減,4)添削,4
,,,,,
83,マンガの読み過ぎで、現実と（　　　　　）違いがわからなくなった。,,,,
,1)架空,2)高架,3)空想,4)思想,3
,,,,,
84,歩道を歩いていたら、（　　　　　）ビルの壁が崩れ落ちて来たのだった。,,,,
,1)不意,2)意外,3)案外,4)突然,4
,,,,,
85,大都市の人口（　　　　　）が低くなってきている。,,,,
,1)適度,2)濃度,3)密度,4)制度,3
,,,,,
86,空いている教室を（　　　　　）で使用してはいけません。,,,,
,1)無断,2)無論,3)無口,4)無念,1
,,,,,
87,彼は同僚とも、また上司とも（　　　　　）良くつきあえる将来有望な社員である。,,,,
,1)要項,2)項目,3)事項,4)要領,4
,,,,,
88,この車は特にエンジンの（　　　　　）が優れている。,,,,
,1)適性,2)個性,3)性能,4)性質,3
,,,,,
89,テレビ番組での差別発言に対して（　　　　）の電話が殺到した。,,,,
,1)抵抗,2)反抗,3)抗議,4)抗争,3
,,,,,
90,社長を神や仏のように（　　　　　）する社員たち。,,,,
,1)信仰,2)祈願,3)支持,4)崇拝,4
,,,,,
91,台風でストップしていた電車がけさ（　　　　　）した。,,,,
,1)回復,2)復旧,3)復興,4)復活,2
,,,,,
92,天候と売り上げには（　　　　　）な関係がある。,,,,
,1)密集,2)集中,3)密接,4)過密,3
,,,,,
93,試験の会場へ向かう途中で事故に遭い、入院した友人に（　　　　　）する。,,,,
,1)合意,2)同意,3)同感,4)同情,4
,,,,,
94,エネルギーの（　　　　　）は避けなければならない。,,,,
,1)経費,2)浪費,3)消化,4)費用,2
,,,,,
95,友人に日本留学の（　　　　　）をたずねた。,,,,
,1)機械,2)契機,3)動機,4)原始,3
,,,,,
96,プライベートなことまで（　　　　　）しないでください。,,,,
,1)交渉,2)干渉,3)会見,4)会談,2
,,,,,
97,５万人を（　　　　　）できるスタジアムが完成した。,,,,
,1)納入,2)収入,3)収容,4)許容,3
,,,,,
98,（　　　　　）の結果、優勝は韓国のカンさんに決定致しました。,,,,
,1)調査,2)検査,3)捜査,4)審査,4
,,,,,
99,都市では、いたるところに（　　　　　）カメラがついている。,,,,
,1)観察,2)視察,3)監視,4)監督,3
,,,,,
100,わたし、機械に弱くて、コピーの（　　　　）も一人じゃできないんです。,,,,
,1)操縦,2)操作,3)運転,4)作動,2
,,,,,
101,人間が暗やみを恐れるのは（　　　　　）である。,,,,
,1)本質,2)体質,3)本能,4)本音,3
,,,,,
102,なんと１８歳の若さで、驚異的な新記録を（　　　　　）した。,,,,
,1)到達,2)到着,3)上達,4)達成,4
,,,,,
103,惜しくも敗れたが、再度（　　　　）したいと思う。,,,,
,1)対抗,2)抗争,3)戦争,4)挑戦,4
,,,,,
104,各国の（　　　　　）が集まって、会議が行われた。,,,,
,1)政府,2)本部,3)首脳,4)機関,3
,,,,,
105,困っている人を見たら、何とかしてあげたいと思うのは（　　　　　）である。,,,,
,1)感情,2)心情,3)心中,4)人情,4
,,,,,
106,仕事の帰り、つい酒の（　　　　　）に負けて、家に帰るのが遅くなった。,,,,
,1)勧誘,2)誘惑,3)誘拐,4)推薦,2
,,,,,
107,駅前に（　　　　　）された自転車通行の妨げとなる。,,,,
,1)廃止,2)廃棄,3)廃棄,4)放置,4
,,,,,
108,土、日には学校の校庭が市民に（　　　　　）される。,,,,
,1)公表,2)公開,3)開放,4)解放,3
,,,,,
109,最初にミニスカートが（　　　　　）したのはいつ頃だったかな？,,,,
,1)流通,2)流行,3)通行,4)交流,2
,,,,,
110,逃亡中の犯人は指名（　　　　　）された。,,,,
,1)手際,2)手配,3)手分け,4)手回し,2
,,,,,
111,彼女は今、次の作品の（　　　　　）を練っているところだ。,,,,
,1)創造,2)想像,3)創作,4)構想,4
,,,,,
112,今や全世界の映像が、衛星（　　　　　）で見られるようになった。,,,,
,1)後継,2)中継,3)継続,4)存続,2
,,,,,
113,今まで冗談ばかり言っていた彼が、ついに（　　　　　）になった。,,,,
,1)根気,2)本気,3)根本,4)根性,2
,,,,,
114,筆記試験に合格したら、つぎは（　　　　　）が待っている。,,,,
,1)接触,2)接近,3)面接,4)直接,3
,,,,,
115,自分の意見を主張するだけでなく、自ら（　　　　　）することが大事だ。,,,,
,1)実態,2)実際,3)実質,4)実践,4
,,,,,
116,用紙の解答欄に鉛筆で（　　　　　）すること。,,,,
,1)登録,2)記録,3)記入,4)目録,3
,,,,,
117,「漢字の勉強をするように」とあれだけ（　　　　　）したのに。,,,,
,1)忠告,2)中傷,3)申告,4)非難,1
,,,,,
118,国会議員は（　　　　　）によって選ばれる。,,,,
,1)選考,2)選択,3)抽選,4)選挙,4
,,,,,
119,写真を（　　　　　）して人をだます。,,,,
,1)合併,2)合成,3)合同,4)提携,2
,,,,,
120,このマンションは姉と私の二人で（　　　　　）している。,,,,
,1)両立,2)共同,3)共有,4)共存,3
,,,,,
121,友人の車を借りて、傷をつけてしまった。お金で（　　　　　）するしかあるまい。,,,,
,1)返還,2)返済,3)弁償,4)弁解,3
,,,,,
122,この作品は、およそ１０年にわたる血と涙の（　　　　　）である。,,,,
,1)結成,2)結束,3)団結,4)結晶,4
,,,,,
123,（　　　　　）昔から、人は戦争を繰り返してきた。,,,,
,1)おおげさな,2)おおまかな,3)はるかな,4)ひそかな,3
,,,,,
124,今こそ「人はなぜ教育が必要なのか」という（　　　　　）な疑問に立ち戻るべきだ。,,,,
,1)素質,2)素朴,3)地味,4)純粋,2
,,,,,
125,毎日毎日人は、（　　　　　）量の情報を消費している。,,,,
,1)うっとうしい,2)ややこしい,3)おびただしい,4)ばかばかしい,3
,,,,,
126,秋の夜、都会でも窓を開ければ、（　　　　　）虫の声が聞こえてくる。,,,,
,1)かすかに,2)こまやかに,3)あやふやに,4)こっけいに,1
,,,,,
127,「お金が無くなったら借りれば良い」という（　　　　　）考えは通用しない。,,,,
,1)容易な,2)簡単な,3)簡素な,4)安易な,4
,,,,,
128,この花瓶は倒れやすいので、（　　　　　）ものの上に置いてください。,,,,
,1)ひさしい,2)たやすい,3)ひらたい,4)しぶとい,3
,,,,,
129,試験中なのに、毎日雨ばかりで（　　　　　）です。,,,,
,1)しとやか,2)あざやか,3)つぶら,4)ゆううつ,4
,,,,,
130,渡っていた橋が崩れ落ちるという（　　　　　）夢を見た。,,,,
,1)不明な,2)不審な,3)不吉な,4)不当な,3
,,,,,
131,いくら努力してもよい結果が得られず、（　　　　　）なってきた。,,,,
,1)あくどく,2)むなしく,3)くすぐったく,4)あっけなく,2
,,,,,
132,まる一日、誰とも口を利かずに過ごす（　　　　　）老人が増えている。,,,,
,1)独自な,2)自在な,3)孤独な,4)特有な,3
,,,,,
133,日本での一人暮らし。最初はとても、（　　　　　）思いをした。,,,,
,1)こころぼそい,2)こころづよい,3)こころよい,4)のぞましい,1
,,,,,
134,会社ではやはり、上司に（　　　　　　）部下が求められる。,,,,
,1)円満な,2)忠実な,3)勤勉な,4)生真面目な,2
,,,,,
135,社会に出て３カ月、厳しい現実の前で夢は（　　　　　）消えて行った。,,,,
,1)そっけなく,2)あさましく,3)すばしこく,4)はかなく,4
,,,,,
136,一時はどうなることかと心配したが、やっと（　　　　　）解決した。,,,,
,1)温和に,2)円満に,3)健全に,4)柔軟に,2
,,,,,
137,あまり無理をせず、自分に（　　　　　）勉強方法を見つけることが大事だ。,,,,
,1)せつない,2)たやすい,3)まちどおしい,4)ふさわしい,4
,,,,,
138,彼女の機嫌が悪いときには、そっとしておくのがいちばん（　　　　　　）。,,,,
,1)あさましい,2)まちどおしい,3)なやましい,4)のぞましい,4
,,,,,
139,今度の旅行の（　　　　　）予定を説明します。,,,,
,1)おおげさな,2)おおまかな,3)あやふやな,4)なめらかな,2
,,,,,
140,どんなときもあわてずに、（　　　　　）判断ができるようになりたいものだ。,,,,
,1)冷淡な,2)冷静な,3)冷酷な,4)残酷な,2
,,,,,
141,昔は病気ばかりしていたが、サッカー部に入ってから（　　　　　）なった。,,,,
,1)すばしこく,2)しぶとく,3)たくましく,4)ものたりなく,3
,,,,,
142,毎日の復習を（　　　　　）にしてはいけない。油断大敵である。,,,,
,1)ゆるやか,2)おろか,3)おろそか,4)しなやか,3
,,,,,
143,画家の彼女は性格は（　　　　　）だが、作品にはとても派手な色を使う。,,,,
,1)簡単,2)地味,3)悲惨,4)独自,2
,,,,,
144,ただのかぜで入院するなんて（　　　　　）人だなあ。,,,,
,1)しとやかな,2)あざやかな,3)つぶらな,4)おおげさな,4
,,,,,
145,旅行も買物もカード一枚でオーケー。もう（　　　　　）手続きはいりません。,,,,
,1)ひさしい,2)わずらわしい,3)たやすい,4)あくどい,2
,,,,,
146,犯行直前に現場で（　　　　　）人物を見かけたという証言があった。,,,,
,1)不良な,2)不振な,3)不明な,4)不審な,4
,,,,,
147,誰にも言わずにひとりで（　　　　　　）会社の設立を計画している。,,,,
,1)あやふやに,2)ひそかに,3)こっけいに,4)すこやかに,2
,,,,,
148,最後まであきらめずに（　　　　　　）がんばる。,,,,
,1)あっけなく,2)そっけなく,3)しぶとく,4)ややこしく,3
,,,,,
149,海外旅行は初めてだが、経験豊富な友人と一緒なので（　　　　　　）。,,,,
,1)悩ましい,2)浅ましい,3)快い,4)心強い,4
,,,,,
150,講演の内容は、別に珍しくもない（　　　　　　）話だった。,,,,
,1)たるんだ,2)とろけた,3)あつらえた,4)ありふれた,4
,,,,,
151,離婚の話が（　　　　　）、とうとう法廷で争うことになってしまった。,,,,
,1)こだわって,2)こじれて,3)ごまかして,4)もがいて,2
,,,,,
152,競争率５０倍の難関を（　　　　　）抜けて、ついに念願のＮ大学に入学した。,,,,
,1)たどり,2)ねだり,3)くぐり,4)しくじり,3
,,,,,
153,いつも夜道で（　　　　　）歌は学生時代の思い出の歌である。,,,,
,1)ばらまく,2)くちずさむ,3)さえずる,4)ののしる,2
,,,,,
154,国民のひたむきな努力が、日本経済の発展を（　　　　　）。,,,,
,1)もたらした,2)もてなした,3)そびえさせた,4)のぞませた,1
,,,,,
155,出費が（　　　　　）、赤字になってしまった。,,,,
,1)こもって,2)さらって,3)しみて,4)かさんで,4
,,,,,
156,なんだかこの写真は、顔が（　　　　　）見える。,,,,
,1)ばけて,2)はげて,3)ぼけて,4)ばてて,3
,,,,,
157,宝くじが当たった！夢かと思って頬を（　　　　　）、やっぱり……。,,,,
,1)いじったら,2)むしったら,3)めくったら,4)つねったら,4
,,,,,
158,冷たい水が、歯に（　　　　　）、思わず顔をゆがめた。,,,,
,1)いたわって,2)とぎれて,3)さわって,4)しみて,4
,,,,,
159,今、彼は興奮しているから、気に（　　　　　　）ようなことは言わない方がいいよ。,,,,
,1)あざわらう,2)もめる,3)さわる,4)さえる,3
,,,,,
160,あとちょっとのところで（　　　　　　）、契約書にハンコをもらえなかった。,,,,
,1)さぼって,2)しくじって,3)へりくだって,4)おどして,2
,,,,,
161,仕方がない。今回だけは、目を（　　　　　　）見なかったことにしてあげよう。,,,,
,1)うつむいて,2)よけて,3)さらって,4)つぶって,4
,,,,,
162,初めて友達のうちに行った時、とてもていねいな（　　　　　）を受けた。,,,,
,1)いたわり,2)しつけ,3)もてなし,4)こだわり,3
,,,,,
163,ここは開かずの踏切で、朝夕は電車が（　　　　　）ことがない。,,,,
,1)とがめる,2)とぎれる,3)さしかかる,4)くぐる,2
,,,,,
164,映画の上映時間について電話で（　　　　　）。,,,,
,1)みなした,2)へりくだった,3)ききあわせた,4)といあわせた,4
,,,,,
165,都会の中心には、たいてい高層ビルが（　　　　　）いる。,,,,
,1)そびえて,2)うつむいて,3)おどして,4)ばらまいて,1
,,,,,
166,記憶を頼りに、やっと１５年前の思い出の地に（　　　　　　）着いた。,,,,
,1)もがき,2)たどり,3)はまり,4)ねだり,2
,,,,,
167,濃いコーヒーを飲んだら、頭が（　　　　　）勉強がどんどん進んだ。,,,,
,1)おだてて,2)ばけて,3)さえて,4)はげて,3
,,,,,
168,疑われている友人を（　　　　　）、うその証言をした。,,,,
,1)ごまかして,2)よけて,3)ののしって,4)かばって,4
,,,,,
169,結果よりも過程が大事、勝敗には（　　　　　）ない。,,,,
,1)はじらわ,2)こだわら,3)とがめ,4)いたわら,2
,,,,,
170,するのはいつも自慢話ばかり、失敗すると他人のせいにする彼にはみんな（　　　　　）いる。,,,,
,1)さらって,2)とろけて,3)おどして,4)あきれて,4
,,,,,
171,何があったのだろう、彼女は（　　　　　）ままで、呼んでも返事をしない。,,,,
,1)けなした,2)ごまかした,3)うつむいた,4)みなした,3
,,,,,
172,学生時代、授業を（　　　　　）映画を見に行ったこともあった。,,,,
,1)はじらって,2)ごまかして,3)よけて,4)さぼって,4
,,,,,
173,静かな図書室。本のページを（　　　　　）音だけが聞こえる。,,,,
,1)もてる,2)めくる,3)むしる,4)もめる,2
,,,,,
174,彼は一週間、自分の部屋に（　　　　　）きりで論文を書き上げた。,,,,
,1)はまり,2)もがき,3)こもり,4)つまり,3
,,,,,
175,事件解決まであと一歩という所に（　　　　　）時、また新たな殺人が起こった。,,,,
,1)さしかかった,2)さしひいた,3)さしつかえた,4)さしだした,1
,,,,,
176,幼い頃からの家庭での礼儀作法の（　　　　　）は大事である。,,,,
,1)とがめ,2)たるみ,3)しつけ,4)さえずり,3
,,,,,
177,応援していたチームが、あんなに（　　　　　）負けるなんて。,,,,
,1)すっきり,2)さっぱり,3)あっさり,4)がっくり,3
,,,,,
178,お寺の参道には、土産物を売る店が（　　　　　）並んでいる。,,,,
,1)ちらっと,2)ずらっと,3)きちっと,4)ぐっと,2
,,,,,
179,実際日本で暮らしてみて、（　　　　　　）日本の物価は高いと思った。,,,,
,1)ぼつぼつ,2)いやいや,3)ずるずる,4)つくづく,4
,,,,,
180,今住んでいるこの辺りは、（　　　　　　）海の底だったと言う。,,,,
,1)あえて,2)かつて,3)いたって,4)かねて,2
,,,,,
181,トイレに行って飛行機に乗り遅れたなんて、（　　　　　）彼らしいね。,,,,
,1)いかに,2)いかにも,3)いやに,4)ことに,2
,,,,,
182,災害対策の品はそろえたが、（　　　　　）という時、本当に訳に立つのかな。,,,,
,1)いざ,2)さぞ,3)さも,4)いまだ,1
,,,,,
183,私は、（　　　　　）かつて嘘をついたことがございません。,,,,
,1)うまれつき,2)なにより,3)もはや,4)いまだ,4
,,,,,
184,予想が（　　　　　）当たって、テストは満点だった。,,,,
,1)すんなり,2)くっきり,3)ずばり,4)まるっきり,3
,,,,,
185,予想が（　　　　　）外れて、テストは０点だった。,,,,
,1)まさしく,2)もっぱら,3)はなはだ,4)まるっきり,4
,,,,,
186,「事故で家族が入院」と聞いて心配したが、無事だと分かり（　　　　　　）した。,,,,
,1)ぐっと,2)さっと,3)ほっと,4)ひょっと,3
,,,,,
187,消費者の反応は（　　　　　）で、商品についての特別な意見はなかった。,,,,
,1)むちゃくちゃ,2)ぼつぼつ,3)ちやほや,4)まちまち,4
,,,,,
188,残業が長引いて夜遅くなったが、（　　　　　）終電に間に合った。,,,,
,1)しいて,2)まして,3)かろうじて,4)もしかして,3
,,,,,
189,事故で入院した母が心配で、この２日、夜も（　　　　　）寝ていない。,,,,
,1)ろくに,2)もろに,3)まことに,4)やけに,1
,,,,,
190,こちらが提示した条件はどれもこれも（　　　　　）拒否され、取引は失敗した。,,,,
,1)しょっちゅう,2)かわるがわる,3)ことごとく,4)ひたすら,3
,,,,,
191,また今日も徹夜だ。（　　　　　）夜が明けてきたらしい。,,,,
,1)どうにか,2)どうやら,3)とかく,4)いまさら,2
,,,,,
192,電車は予定どうり、１０時（　　　　　）に到着した。,,,,
,1)がっちり,2)きっちり,3)きっかり,4)がっかり,3
,,,,,
193,反応を見るために、父は（　　　　　）子供の意見に反対した。,,,,
,1)いやいや,2)あえて,3)いたって,4)いやに,2
,,,,,
194,たった１枚の絵が、（　　　　　）１億円もすると言う。,,,,
,1)なにとぞ,2)なんだか,3)なんて,4)なんと,4
,,,,,
195,電車が揺れて倒れそうになったので、（　　　　　　）窓ガラスに手をついた。,,,,
,1)とっさに,2)ことに,3)やけに,4)もはや,1
,,,,,
196,結婚を申し込んだら、（　　　　　）断れてしまった。,,,,
,1)うんざり,2)げっそり,3)きっぱり,4)くっきり,3
,,,,,
197,あの２人は（　　　　　）けんかしている。,,,,
,1)いやに,2)しょっちゅう,3)てんで,4)とかく,2
,,,,,
198,そんなに思いどうりに（　　　　　）行くとは思えない。,,,,
,1)くっきり,2)すんなり,3)げっそり,4)がっしり,2
,,,,,
199,この薬は水を入れると（　　　　　）溶けて、効きめが早い。,,,,
,1)ぐっと,2)ちらっと,3)さっと,4)ひょっと,3
,,,,,
200,新学期になり（　　　　　　）桜も咲き始めた。,,,,
,1)ぺこぺこ,2)いやいや,3)ずるずる,4)ぼつぼつ,4
,,,,,
201,日本語が（　　　　　　）難しいか、言葉では説明できない。,,,,
,1)いやに,2)いかに,3)もろに,4)ことに,2
,,,,,
202,酒の中でも私は（　　　　　）ワインを好む。,,,,
,1)あんのじょう,2)なにとぞ,3)ことによると,4)とりわけ,4
,,,,,
203,友達が試験に合格した。ご両親も（　　　　　）うれしいことだとう。,,,,
,1)さも,2)さぞ,3)なるたけ,4)まさしく,2
,,,,,
204,やった！成績が（　　　　　）したぞ。,,,,
,1)アップ,2)ダウン,3)オープン,4)オーバー,1
,,,,,
205,（　　　　　）の結果を分析して、グラフにして会議に提出した。,,,,
,1)カルテ,2)データ,3)ファイル,4)アンケート,4
,,,,,
206,「個人」を前提として、社会という（　　　　　）は成り立っている。,,,,
,1)オートマチック,2)レギュラー,3)サイクル,4)システム,4
,,,,,
207,ずいぶんはでな（　　　　　　）の車が止まったと思ったら、彼だった。,,,,
,1)メロディー,2)デッサン,3)デザイン,4)センス,3
,,,,,
208,彼は性格に問題があるのか、（　　　　　）ばかり起こしている。,,,,
,1)ショック,2)ストレス,3)トラブル,4)ムード,3
,,,,,
209,彼女の家はとても（　　　　　　）で、地下が玄関になっている。,,,,
,1)ソフト,2)ハード,3)ベスト,4)ユニーク,4
,,,,,
210,庭なら、せめて子どもが走り回れるぐらいの（　　　　　　）が欲しい。,,,,
,1)ホール,2)フロント,3)スペース,4)コーナー,3
,,,,,
211,正確に情報を（　　　　　）して、全世界に送るジャーナリストたち。,,,,
,1)キャッチ,2)リード,3)コントロール,4)チェンジ,1
,,,,,
212,（　　　　　）を守らない者は自由を拘束されるというのも、事実だ。,,,,
,1)ポイント,2)マーク,3)ジャンル,4)ルール,4
,,,,,
213,人気歌手Ｊ。来月（　　　　　）待望の新曲が発売される。,,,,
,1)ブーム,2)ファン,3)ゲスト,4)スター,2
,,,,,
214,もううんざりの雨続きと仕事の（　　　　　）を解消するには、カラオケが一番。,,,,
,1)ショック,2)レッスン,3)ストレス,4)インフレ,3
,,,,,
215,パソコン通信という新しい（　　　　　）が開発された。,,,,
,1)マスコミ,2)サイズ,3)コマーシャル,4)メディア,4
,,,,,
216,円高で日本の自動車（　　　　　）が打撃を受けている。,,,,
,1)コーナー,2)メーカー,3)ホール,4)ラベル,2
,,,,,
217,この本の（　　　　　　）は『日本語能力試験に出る文字・語彙』だ。,,,,
,1)メッセージ,2)コメント,3)ヒント,4)タイトル,4
,,,,,
218,この文章は抽象的で（　　　　　）がつかみにくい。,,,,
,1)ヒント,2)ピント,3)ポイント,4)ジャンル,3
,,,,,
219,彼女は自分の感情のまで（　　　　　）できる、とても理想的な女性だ。,,,,
,1)リード,2)ボイコット,3)オープン,4)コントロール,4
,,,,,
220,友達の誕生日。プレゼントに添えて（　　　　　）贈る。,,,,
,1)メッセージ,2)レギュラー,3)レッスン,4)コーナー,1
,,,,,
221,早く、言葉の（　　　　　）が使い分けられるようになりたい。,,,,
,1)ブーム,2)ショック,3)サイクル,4)ニュアンス,4
,,,,,
222,駅の近くにまた新しいホテルが（　　　　　）した。,,,,
,1)オープン,2)オーバー,3)リード,4)チェンジ,1
,,,,,
223,貴重品をホテルの（　　　　　）にあずける。,,,,
,1)ホール,2)フロント,3)バック,4)コーナー,2
,,,,,
224,どんな（　　　　　）の本が好きですか？,,,,
,1)ファイル,2)サイクル,3)センス,4)ジャンル,4
,,,,,
225,事故で息子を亡くし、（　　　　　）のあまり母親は倒れてしまった。,,,,
,1)ムード,2)インフレ,3)ショック,4)ボイコット,3
,,,,,
226,結果よりも過程が大事。何事にも（　　　　　）をつくす。,,,,
,1)ソフト,2)ゲスト,3)ベスト,4)ブーム,3
,,,,,
227,不況が続き、賃金を（　　　　　）した会社もあるという。,,,,
,1)カット,2)ボイコット,3)リード,4)オーバー,1
,,,,,
228,気持ちを穏やかにしてくれるこの曲の（　　　　　）が好きだ。,,,,
,1)デッサン,2)レッスン,3)メロディー,4)データ,3
,,,,,
229,次から次に仕事が入ってきて、電話も一度に何本もかかってくるし、もう忙しくて（　　　　　）が回りそうだ。,,,,
,1)て,2)あし,3)め,4)みみ,3
,,,,,
230,不況が続き、経営不振という理由で、会社を（　　　　　）になった人もいるそうだ。,,,,
,1)かお,2)はな,3)あし,4)くび,4
,,,,,
231,建築工事の業者が（　　　　）を抜いたせいか、このビルはあちこちで雨漏りがする。,,,,
,1)て,2)あし,3)こし,4)かた,1
,,,,,
232,わたしのうちは学校から（　　　　　）の先のところにあります。,,,,
,1)てとあし,2)めとはな,3)めとくち,4)めとみみ,2
,,,,,
233,毎日、一生懸命勉強したおかげで、成績優秀な彼女と（　　　　）を並べるまでになった。,,,,
,1)あたま,2)かた,3)こし,4)あし,2
,,,,,
234,勉強もしないで試験に合格しようなんて、（　　　　　）がいい話だ。,,,,
,1)ねこ,2)うま,3)むし,4)あじ,3
,,,,,
235,相手の気持ちも考えて、なるべく（　　　　　）が立たないように、言葉には十分気をつける。,,,,
,1)うで,2)かお,3)かど,4)ゆび,3
,,,,,
236,試験の当日にかぜで熱が出てしまって、せっかくの努力が（　　　　　）となってしまった。,,,,
,1)上の空,2)猫の額,3)スズメの涙,4)水の泡,4
,,,,,
237,授業中は一生懸命、先生の話に（　　　　　）をかたむける。,,,,
,1)くび,2)みみ,3)かお,4)はな,2
,,,,,
238,山田さんのご主人は、ほんとうにていねいで、だれに対しても（　　　　　）が低い。,,,,
,1)はな,2)かた,3)あし,4)こし,4
,,,,,
239,一人でやりますと言ってしまったので、今更、（　　　　　）助けてほしいとは言えない。,,,,
,1)けむたくて,2)せつなくて,3)きまりわるくて,4)ばかばかしくて,3
,,,,,
240,祭の日には色とりどりの（　　　　　）民族衣装を身につけた女達が大勢集まった。,,,,
,1)きらびやかな,2)きよらかな,3)だらしない,4)みすぼらしい,1
,,,,,
241,映画スターには（　　　　　）個性を持っている人が多い。,,,,
,1)強烈な,2)勤勉な,3)簡素な,4)温和な,1
,,,,,
242,救援隊がくるまで、１枚のチョコレートと雨水で（　　　　　）生きのびることができた。,,,,
,1)あえて,2)しいて,3)かろうじて,4)つとめて,3
,,,,,
243,オフィスに（　　　　　）顔を出していれば、仲良くなって契約がとれるかも知れないよ。,,,,
,1)ぺこぺこ,2)ぶらぶた,3)ちゃくちゃく,4)ちょくちょく,4
,,,,,
244,ちょっと（　　　　）をもらうと問題がすんなりとけることがあります。,,,,
,1)ヒント,2)ベスト,3)ゲスト,4)パート,1
,,,,,
245,（　　　　　）が早いですね。もう来週の旅行の準備をしてしまったんですか。,,,,
,1)手,2)足,3)耳,4)気,4
,,,,,
246,いくらけんかをしても、人間関係を（　　　　　）しまうようなことを言ってはいけない。,,,,
,1)つくろって,2)うるおって,3)そこなって,4)やしなって,3
,,,,,
247,小さな会社をはじめたが、経費が（　　　　　）ばかりでなかなか経営が軌道に乗らない。,,,,
,1)かさむ,2)からむ,3)いどむ,4)たるむ,1
,,,,,
248,スピード違反の（　　　　　）月間だそうで、この間から2度も捕まってしまった。,,,,
,1)取り組み,2)取り調べ,3)取り扱い,4)取り締まり,4
,,,,,
249,部長は結婚の仲人を快く（　　　　　）してくれた。,,,,
,1)了承,2)了解,3)承諾,4)承認,3
,,,,,
250,来月末までに新しいビルへの（　　　　　）ができます。,,,,
,1)異動,2)移転,3)移住,4)異郷,2
,,,,,
251,私の理論を（　　　　　）に写すための方針は既に考えてあります。,,,,
,1)実現,2)実質,3)実施,4)実行,1
,,,,,
252,彼は多額の財産を相続することを（　　　　　）したそうだ。,,,,
,1)廃止,2)廃棄,3)廃棄,4)放棄,4
,,,,,
253,彼は自分の研究論文が認められないので学会を（　　　　　）してしまった。,,,,
,1)脱退,2)脱線,3)後退,4)辞退,1
,,,,,
254,新しい機械の説明を聞いたが、何度聞いても（　　　　　　）よくわからない。,,,,
,1)たやすくて,2)ややこしくて,3)なやましくて,4)ものたりなくて,2
,,,,,
255,彼は会議ではいつも（　　　　　）発言するが、実行が伴わないからあまり信頼されていない。,,,,
,1)盛大に,2)頑固に,3)活発に,4)壮大に,3
,,,,,
256,王女の結婚式が長い歴史のある教会で（　　　　　）行われた。,,,,
,1)おごそかに,2)すこやかに,3)しとやかに,4)おろそかに,1
,,,,,
257,その洋服は少し大きすぎないか。なんだか（　　　　　　）した感じがするよ。,,,,
,1)だぶだぶ,2)ずるずる,3)ふらふら,4)ながなが,1
,,,,,
258,人前に出ると（　　　　　）してしまうから、営業の仕事なんてとうてい無理だよ。,,,,
,1)どうどう,2)おどおど,3)いやいや,4)まちまち,2
,,,,,
259,宇宙ロケットで飛び立った飛行士から地球への（　　　　　）が送られてきました。,,,,
,1)コマーシャル,2)メッセージ,3)コメント,4)モニター,2
,,,,,
260,盗んですぐ中古品店に持ち込んだ機械の製造番号から（　　　　　）がついたらしいですよ。,,,,
,1)鼻,2)足,3)目,4)気,2
,,,,,
261,異常な悪臭がしたので、鼻を（　　　　　）逃げた。,,,,
,1)つまんで,2)つんで,3)つねって,4)つまって,1
,,,,,
262,他人の幸せや昇進を（　　　　　）のは見苦しい。,,,,
,1)にじむ,2)はげむ,3)ねたむ,4)うながす,3
,,,,,
263,一度口に出して言ってしまったことを、いまさら（　　　　　　）と思っても無理だよ。,,,,
,1)取り除こう,2)取り消そう,3)取り戻そう,4)取り替えよう,2
,,,,,
264,反対が多いのに、政府はその議案を（　　　　　　）採決した。,,,,
,1)強制,2)無断,3)強硬,4)強行,4
,,,,,
265,引っ越し荷物が次から次に（　　　　　　）良くトラックに載せられていく。,,,,
,1)手配,2)手口,3)手分け,4)手際,4
,,,,,
266,会社経営の（　　　　　）が明らかになるにつれ、負債総額が１０億円以上になることがわかった。,,,,
,1)態勢,2)実態,3)事態,4)情勢,2
,,,,,
267,洪水で不通になった道路の（　　　　　）作業がなかなかはかどらない模様です。,,,,
,1)回復,2)復活,3)復旧,4)復興,3
,,,,,
268,彼は（　　　　　）な作品を次々発表して批評家の注目をひいた。,,,,
,1)独占的,2)独創的,3)独裁的,4)独自的,2
,,,,,
269,梅雨になると曇りや雨の日が多く、（　　　　　）日が続く。,,,,
,1)わずらわしい,2)けがらわしい,3)ややこしい,4)うっとうしい,4
,,,,,
270,この家は骨組みが（　　　　　）だから孫の代まで大丈夫だろう。,,,,
,1)厳密,2)強硬,3)巧妙,4)頑丈,4
,,,,,
271,歌手にしても舞台俳優にしても、きょうの公演は（　　　　　　）だったと思う日はないそうだ。,,,,
,1)賢明,2)完ぺき,3)精巧,4)高尚,2
,,,,,
272,彼の自慢話を何度も聞かされて、全く（　　　　　）だよ。,,,,
,1)なにより,2)げっそり,3)うんざり,4)おおげさ,3
,,,,,
273,あんなに一生懸命勉強したのに受験に失敗して（　　　　　　）してたよ。,,,,
,1)がっしり,2)がっちり,3)がっくり,4)びっしょり,3
,,,,,
274,毎日の（　　　　　）の積み重ねがノイローゼの原因になります。,,,,
,1)ストレス,2)ストライキ,3)ボイコット,4)インフレ,1
,,,,,
275,甘いものに（　　　　　）がなくて、つい食べてしまうんですよ。,,,,
,1)手,2)足,3)目,4)口,3
,,,,,
276,もう（　　　　　）も仕方がない。やるだけやってあきらめよう。,,,,
,1)といで,2)すすいで,3)ゆらいで,4)もがいて,4
,,,,,
277,晴れた日に干したふとんをパンパンと（　　　　　　）気持ちがいい。,,,,
,1)つつく,2)はたく,3)はじく,4)はたす,2
,,,,,
278,この机はわざわざ注文してイタリアから（　　　　　）もらったものだ。,,,,
,1)取り立てて,2)取り次いで,3)取り寄せて,4)取り付けて,3
,,,,,
279,会社の備品を買いたいときは、あらかじめ（　　　　　）してください。,,,,
,1)申告,2)要請,3)申請,4)要求,3
,,,,,
280,会社を成長させるために、古い組織の（　　　　　　）と管理職の若返りが求められている。,,,,
,1)確信,2)変形,3)革新,4)革命,3
,,,,,
281,宗教の違う民族との（　　　　　）は受け入れられないと主張して戦争を続けている。,,,,
,1)共存,2)共同,3)共有,4)共和,1
,,,,,
282,履歴書に書かれたこれまでの（　　　　　）が素晴らしいので即座に採用が決まった。,,,,
,1)経過,2)経緯,3)過程,4)経歴,4
,,,,,
283,国際婦人会議に出席して婦人解放運動に対する（　　　　　）を新たにした。,,,,
,1)認識,2)意識,3)常識,4)標識,1
,,,,,
284,開放政策により中国の経済は（　　　　　）発展を遂げつつある。,,,,
,1)ふさわしい,2)おびただしい,3)めざましい,4)なだかい,3
,,,,,
285,私の妻は（　　　　　）だから、毎日、家計簿と日記をつけている。,,,,
,1)頑固,2)慎重,3)きちょうめん,4)おくびょう,3
,,,,,
286,このソファーに４人座ると、ちょっと（　　　　　）じゃないかな。,,,,
,1)こっけい,2)憂うつ,3)きゃしゃ,4)窮屈,4
,,,,,
287,あやふやな言い方をするより、（　　　　　　）断ったほうがずっと親切だよ。,,,,
,1)きっぱり,2)くっきり,3)まるっきり,4)てっきり,1
,,,,,
288,あの人は（　　　　　）した人だから、きちっと誤れば、いつまでも怒ったりしないんだよ。,,,,
,1)あっさり,2)こうこうと,3)すんなり,4)まるまる,1
,,,,,
289,私たちは（　　　　　）通して世界中の情報を手に入れることができるようになりました。,,,,
,1)ビジネス,2)メディア,3)テレックス,4)コメント,2
,,,,,
290,旅行でお金を使い過ぎて（　　　　　）が出てしまった。,,,,
,1)手,2)足,3)目,4)顎,2
,,,,,
291,国連の重い任務を（　　　　　）、戦争をしている国に赴いた。,,,,
,1)かばって,2)そむいて,3)になって,4)うながして,3
,,,,,
292,子供をそんなに（　　　　　）と危ないですよ、ゆっくり行きましょう。,,,,
,1)あかす,2)おかす,3)かわす,4)せかす,4
,,,,,
293,人気スターの車が到着すると、どっとファンが（　　　　　）負傷者が出てしまった。,,,,
,1)押し込んで,2)押し寄せて,3)押し出して,4)押し入れて,2
,,,,,
294,地域を（　　　　　）するために必要な多額の資金は税金だけではまかなえない。,,,,
,1)開発,2)開拓,3)開放,4)打開,1
,,,,,
295,大統領暗殺のニュースが流れると、国民の間に大きな（　　　　　）が走った。,,,,
,1)攻撃,2)衝撃,3)打撃,4)衝突,2
,,,,,
296,味方の失敗で、試合はにわかに（　　　　　）不利に陥ってしまった。,,,,
,1)形勢,2)形成,3)形態,4)体制,1
,,,,,
297,（　　　　　）を転換すれば、もう少しおもしろい企画が出せるはずだよ。,,,,
,1)思想,2)空想,3)発想,4)愛想,3
,,,,,
298,海外に駐在している彼の一時帰国する日が（　　　　　）。,,,,
,1)このましい,2)まちどうしい,3)のぞましい,4)せつない,2
,,,,,
299,携帯電話の料金は高いから（　　　　　）用件があるときだけかけるようにしている。,,,,
,1)特急の,2)早急の,3)緊急の,4)応急の,3
,,,,,
300,先日、見合いをした相手から（　　　　　）断りの電話があった。,,,,
,1)婉曲に,2)円満に,3)円滑に,4)遠慮に,1
,,,,,
301,すがすがしい感じの青年が（　　　　　）立って老人に席をゆずった。,,,,
,1)ひょっと,2)さっと,3)ぐっと,4)ずらっと,2
,,,,,
302,（　　　　　）より問題になっておりましたゴミ処理場建設地について話し合いたいと思います。,,,,
,1)かねて,2)かつて,3)いたって,4)はるか,1
,,,,,
303,今日の午後は集会がありますから、次の（　　　　　）が鳴ったら講堂に集まってください。,,,,
,1)キャッチ,2)チェンジ,3)チャイム,4)チャンネル,3
,,,,,
304,あの人は（　　　　　）がきくから、いっしょに買いに行っていただいたらどうですか。,,,,
,1)手,2)目,3)頭,4)口,2
,,,,,
305,部下を（　　　　　）よりおだてた方が仕事がうまくいきますよ。,,,,
,1)まかす,2)けなす,3)けとばす,4)ごまかす,2
,,,,,
306,秋は夜が長くなるので、読書に（　　　　　）季節だと言われています。,,,,
,1)したう,2)したしむ,3)つつしむ,4)いとなむ,2
,,,,,
307,私たちには古くから伝わる伝統芸能を（　　　　　）いく義務がある。,,,,
,1)受け継いで,2)受け付けて,3)受け止めて,4)受け入れて,1
,,,,,
308,全く彼の疲れを知らないエネルギーには（　　　　　）されてしまうよ。,,,,
,1)圧縮,2)圧倒,3)圧迫,4)抑圧,2
,,,,,
309,根気よく障害を（　　　　　）する努力を重ねて、協定を結ぶことができました。,,,,
,1)解除,2)削除,3)排除,4)除外,3
,,,,,
310,家が狭いので古いものはどんどん（　　　　　）しないと大変なことになる。,,,,
,1)処置,2)処分,3)処罰,4)処理,2
,,,,,
311,私のかわりに彼にこの件の最終的な決定をする（　　　　　）を与えてあります。,,,,
,1)権威,2)権限,3)権利,4)権力,2
,,,,,
312,新しいコンピューターを導入したので仕事の（　　　　　）ぐんをアップした。,,,,
,1)確率,2)比率,3)引率,4)能率,4
,,,,,
313,昔、このあたりに（　　　　　　）金持ちがいて、貧しい人達に食べ物を配っていたそうだ。,,,,
,1)よくふかい,2)なさけない,3)なさけぶかい,4)こころよい,3
,,,,,
314,集団で動くときには、人に迷惑をかけるような（　　　　　）行動をしてはならない。,,,,
,1)軽快な,2)軽率な,3)気軽な,4)手軽な,2
,,,,,
315,（　　　　　）話ばかりするので、もう誰も耳を貸そうとしない。,,,,
,1)ろくな,2)うつろな,3)いいかげんな,4)ぞんざいな,3
,,,,,
316,避難訓練を行いますから非常ベルが鳴ったら（　　　　　）外へ出てください。,,,,
,1)適宜,2)とっさに,3)突如,4)すみやかに,4
,,,,,
317,（　　　　　）として、銀行強盗のグループは車で逃走中の模様です。,,,,
,1)漠然,2)呆然,3)依然,4)断念,3
,,,,,
318,社員研修の（　　　　　）が良かったので明日からが楽しみだ。,,,,
,1)ブーム,2)フォーム,3)ポーズ,4)ムード,4
,,,,,
319,あの若い社員に社長はずいぶん（　　　　　）を入れているらしいよ。,,,,
,1)手,2)目,3)耳,4)肩,4
,,,,,
320,敵を（　　　　　）ためには、まず味方をだませと言う言葉があります。,,,,
,1)うつむく,2)あざむく,3)おもむく,4)つらぬく,2
,,,,,
321,急速なコンピューターの普及は電子部品会社に大きな利益を（　　　　　　）た。,,,,
,1)もてなした,2)もたらした,3)もよおした,4)みなした,2
,,,,,
322,視聴率が低下したので1年続いたテレビ番組を（　　　　　）。,,,,
,1)打ち明けた,2)打ち切った,3)打ち消した,4)打ち込んだ,2
,,,,,
323,この文章は作者が何を言いたいのか、（　　　　　）していることがはっきりしない。,,,,
,1)意欲,2)意向,3)意図,4)意識,3
,,,,,
324,このたび施行された新制度の（　　　　　）を説明させていただきます。,,,,
,1)概論,2)概説,3)概略,4)概念,3
,,,,,
325,わが社も東南アジアへの（　　　　　）を計画している。,,,,
,1)進展,2)進呈,3)進出,4)進行,3
,,,,,
326,カルシウムが（　　　　　　）すると頭の働きが悪くなるそうです。,,,,
,1)窮乏,2)欠乏,3)不十分,4)貧弱,2
,,,,,
327,部族によっては信じられないような奇妙な（　　　　　）を受け継いでいる。,,,,
,1)風習,2)風俗,3)風土,4)風景,1
,,,,,
328,イタリアで音楽の勉強をするという計画は父の突然の死により（　　　　　）夢となってしまった。,,,,
,1)たやすい,2)もろい,3)けむたい,4)はかない,4
,,,,,
329,自らが選んだのなら、誰にも会わない（　　　　　　）生活が必ずしも不幸とは言えない。,,,,
,1)孤独な,2)固有な,3)個別な,4)独自な,1
,,,,,
330,旅行先で出会った幼い子供の（　　　　　　）目が忘れられない。,,,,
,1)こまやかな,2)あざやかな,3)なごやかな,4)つぶらな,4
,,,,,
331,彼は何をきいても（　　　　　）答えてくれる天才的な頭脳の持ち主だ。,,,,
,1)即座に,2)不意に,3)ひょっと,4)ちらっと,1
,,,,,
332,私が（　　　　　）がんばっても、彼にはとうてい追い付けない。,,,,
,1)いかに,2)むやみに,3)いやに,4)やけに,1
,,,,,
333,新しい原子力発電所の原子炉は（　　　　　）が多くてなかなか役に立たない。,,,,
,1)サイクル,2)ファイト,3)トラブル,4)アクセル,3
,,,,,
334,あの人は（　　　　　）が肥えているから、どんなもてなしをしたらいいか悩むよ。,,,,
,1)目,2)体,3)耳,4)舌,4
,,,,,
335,近年の不況と円高は、輸出関連企業の経営を（　　　　　　）いる。,,,,
,1)おだてて,2)おびやかして,3)おどして,4)ひやかして,2
,,,,,
336,彼は悲しみの中で、なくなった母に（　　　　　　）歌を作曲した。,,,,
,1)さえぎる,2)さえずる,3)ささげる,4)さずける,3
,,,,,
337,学校からの帰宅途中、駅前の本屋に（　　　　　　）のが何よりの楽しみでした。,,,,
,1)立ち上がる,2)立ち止まる,3)立ち寄る,4)立ち去る,3
,,,,,
338,航空会社の社員募集があったのですぐに（　　　　　　）した。,,,,
,1)応募,2)応接,3)応対,4)会見,1
,,,,,
339,あなたの主張は時代（　　　　　　）もはなはだしいと思います。,,,,
,1)格差,2)錯誤,3)誤差,4)差別,2
,,,,,
340,平和的解決の（　　　　　　）を帯びて、大使は現地に赴いた。,,,,
,1)運命,2)任命,3)宿命,4)使命,4
,,,,,
341,戦後５０年たって、当時の秘密資料が続々（　　　　　　）されはじめました。,,,,
,1)公然,2)公開,3)公認,4)公表,4
,,,,,
342,営業（　　　　　）になるので入り口に車を止めないでください。,,,,
,1)妨害,2)迫害,3)被害,4)災害,1
,,,,,
343,建設現場で働いているから性格は（　　　　　）けれど、とても優しい父です。,,,,
,1)あらっぽい,2)あくどい,3)すばしこい,4)すばやい,1
,,,,,
344,契約の（　　　　　）内容については後日担当者がご説明にまいりますのでよろしくお願いします。,,,,
,1)詳細な,2)相応な,3)正当な,4)精密な,1
,,,,,
345,社内で誰も知らないと思うけれど、あの人（　　　　　　）株でもうけているらしいわよ。,,,,
,1)おおげさに,2)ひそかに,3)こまやかに,4)おおはばに,2
,,,,,
346,学校の成績が悪いからといって、（　　　　　）将来の見通しが暗いとは言えない。,,,,
,1)もろに,2)てんで,3)ろくに,4)一概に,4
,,,,,
347,まだもう少し入院が必要らしいが、手術後の経過は（　　　　　　）悪くないらしいよ。,,,,
,1)さほど,2)よほど,3)若干,4)少々,1
,,,,,
348,指揮者がうまく（　　　　　）してくださるので合唱団の実力以上の公演ができた。,,,,
,1)ベース,2)ソフト,3)ハード,4)リード,4
,,,,,
349,あの人は取引先が倒産したせいで（　　　　　　）が回らなくなっているらしいよ。,,,,
,1)手,2)頭,3)首,4)目,3
,,,,,
350,（　　　　　　）お世辞をいくら言ってもだめなものはだめです。,,,,
,1)あつらえた,2)あやまった,3)ありふれた,4)あらたまった,3
,,,,,
351,最近、競馬を楽しむ女性が多くなったが、どの馬が１位になるか（　　　　　　）のは難しい。,,,,
,1)あてる,2)あせる,3)はえる,4)さえる,1
,,,,,
352,忘れ物をしたので（　　　　　）として踏切事故にあったようです。,,,,
,1)引き起こそう,2)引き止めよう,3)引き返そう,4)引き取ろう,3
,,,,,
353,前回出版したときの内容に少し手を加えて、（　　　　　　）版として出版しようと思います。,,,,
,1)改訂,2)改善,3)改良,4)改正,1
,,,,,
354,クイズ番組に出演して賞金１０万円を（　　　　　）した。,,,,
,1)獲得,2)捕虜,3)確保,4)収穫,1
,,,,,
355,（　　　　　）の自由が保障されているからと言って、何でも報道していいわけではない。,,,,
,1)弁論,2)世論,3)言論,4)理論,3
,,,,,
356,我が社も海外進出をすることになり、英会話能力の必要性を（　　　　　）している。,,,,
,1)直感,2)痛感,3)反感,4)共感,2
,,,,,
357,被害にあった地域に物資を（　　　　　　）する経路があちこち普通になっている。,,,,
,1)補給,2)補足,3)補償,4)補充,1
,,,,,
358,冬に、（　　　　　　）スープなんてとても飲めない。,,,,
,1)あくどい,2)みにくい,3)ぬるい,4)きまりわるい,3
,,,,,
359,病気で１か月入院すると、健康のありがたさを（　　　　　　）感じるようになった。,,,,
,1)手近に,2)痛切に,3)陰気に,4)安易に,2
,,,,,
360,最近、放火が多いので（　　　　　）人物を見かけたら警察に連絡してください。,,,,
,1)不審な,2)不振な,3)不明な,4)不良な,1
,,,,,
361,忙しくて料理ができないから、最近は（　　　　　）外食ですませている。,,,,
,1)もろに,2)もっぱら,3)ことごとく,4)まるごと,2
,,,,,
362,まだ全員集まっていないようですが、（　　　　　）きょうの日程の説明を始めたいと思います。,,,,
,1)おのずから,2)もしかして,3)ことによると,4)とりあえず,4
,,,,,
363,（　　　　　　）風な感じの男性だったのでつい信用してだまされてしまった。,,,,
,1)ナンセンス,2)エレガント,3)インテリ,4)シック,3
,,,,,
364,子供がいうことをきかないので（　　　　　　）を焼いています。,,,,
,1)手,2)胸,3)胃,4)顔,1
,,,,,
365,彼はスタイルのも顔もいいし、その上仕事ができるんだから（　　　　　　）当然だよね。,,,,
,1)もうけて,2)もてて,3)もれて,4)もめて,2
,,,,,
366,若い人を育てようと思ったら、失敗をひとつひとつ（　　　　　　）はいけない。,,,,
,1)とがめて,2)のがれて,3)となえて,4)なだめて,1
,,,,,
367,体の調子が悪いので、今回のマラソン大会に参加するのは（　　　　　　）と思います。,,,,
,1)見合わせよう,2)見落とそう,3)見渡そう,4)見逃そう,1
,,,,,
368,あのあたりは交通量が多いので、今、（　　　　　　）工事のために交通規制をしているよ。,,,,
,1)拡散,2)拡張,3)拡充,4)拡大,2
,,,,,
369,国自体が財政的（　　　　　　）に直面している。,,,,
,1)危害,2)危険,3)危機,4)禁物,3
,,,,,
370,今、国会で予算案を（　　　　　　）しているところです。,,,,
,1)審議,2)論議,3)討議,4)協議,1
,,,,,
371,あとで後悔しないように、職業の（　　　　　　）は慎重にしたほうがいいよ。,,,,
,1)採択,2)採決,3)選考,4)選択,4
,,,,,
372,姉は、外出するとき（　　　　　　）が必要な障害者を助ける奉仕活動をしている。,,,,
,1)保護,2)看護,3)介護,4)養護,3
,,,,,
373,おもしろくなさようなところを見ると、この仕事は彼には（　　　　　　）のかも知れない。,,,,
,1)ものたりない,2)おっかない,3)いやらしい,4)みぐるしい,1
,,,,,
374,（　　　　　　）市民の一人ですと言いながら、裏で業者から多額の現金を受け取る議員を許せない。,,,,
,1)清純な,2)善良な,3)賢明な,4)明瞭な,2
,,,,,
375,北海道の開拓をさせられた人達は、寒さの中で食べ物もなく、（　　　　　　）生活を強いられた。,,,,
,1)冷淡な,2)冷酷な,3)貧弱な,4)悲惨な,4
,,,,,
376,こんなに客が少なくなってしまっては、（　　　　　　）商売をやめたほうがましだ。,,,,
,1)いっそ,2)ずばり,3)きちっと,4)ちゃんと,1
,,,,,
377,彼が（　　　　　　）おいしそうに食べるので、私もつい食べ過ぎてしまった。,,,,
,1)いかにも,2)まことに,3)まさしく,4)はなはだ,1
,,,,,
378,その関係の書類ならひとつにまとめて（　　　　　）に入れてあります。,,,,
,1)ファイル,2)タイトル,3)カルテ,4)データ,1
,,,,,
379,たくさんの女子社員の中から彼女を選ぶなんて君は（　　　　　　）が高いね。,,,,
,1)鼻,2)目,3)頭,4)足,2
,,,,,
380,旅行に出る前の晩にはしっかり準備を（　　　　　）から寝る。,,,,
,1)おとろえて,2)ととのえて,3)とどこおって,4)しなびて,2
,,,,,
381,久し振りに郷里に帰ったら、すっかり駅が新しくなっていて（　　　　　）しまった。,,,,
,1)ふくれて,2)まぎれて,3)むらがって,4)まごついて,4
,,,,,
382,この部屋なら学生には（　　　　　）ないと思いますよ。,,,,
,1)申し込み,2)申し訳,3)申し分,4)申出,3
,,,,,
383,この作家は短い文の中に要点がきちんとまとめられた（　　　　　）で美しい文章を書きます。,,,,
,1)簡易,2)簡潔,3)簡素,4)簡単,2
,,,,,
384,時折、（　　　　　　）に立ち返って、平和運動を見直すことが肝心です。,,,,
,1)観点,2)視点,3)原点,4)頂点,3
,,,,,
385,他店に（　　　　　）して売上をあげるためには営業時間の延長が不可欠です。,,,,
,1)反抗,2)抵抗,3)対抗,4)抗争,3
,,,,,
386,（　　　　　）の運用をあやまって、会社を倒産させてしまった。,,,,
,1)資産,2)資本,3)資源,4)資金,4
,,,,,
387,判決に（　　　　　）があれば、上級の裁判所に訴えることができる。,,,,
,1)不振,2)不審,3)不正,4)不服,4
,,,,,
388,やはり棚はもっと（　　　　　　）ところに置かないと安定しなくて危ないよ。,,,,
,1)まんまるい,2)ひさしい,3)しかくい,4)たいらな,4
,,,,,
389,（　　　　　　）ことはあなたに本当にこの仕事をやる気があるかどうかです。,,,,
,1)正当な,2)簡潔な,3)肝心な,4)勝手な,3
,,,,,
390,真面目で（　　　　　　）方なので結婚しようと決めました。,,,,
,1)滑けいな,2)忠実な,3)誠実な,4)正常な,3
,,,,,
391,（　　　　　）この世の中は住みにくいと言うが、結構、楽しいこともある。,,,,
,1)ことに,2)とりわけ,3)とかく,4)まして,3
,,,,,
392,最近の子供は両親や祖父母に（　　　　　）されて育つので自己中心的になりがちです。,,,,
,1)ちやほや,2)あやふや,3)あべこべ,4)めちゃくちゃ,1
,,,,,
393,この服は（　　　　　　）も色も素敵だなと思うと、高くて手が出ないことが多い。,,,,
,1)デザート,2)デザイン,3)レッスン,4)デッサン,2
,,,,,
394,次から次に子供に教育費がかかって、全く（　　　　　）が痛いよ。,,,,
,1)頭,2)耳,3)胸,4)腹,1
,,,,,
395,帰宅したら自分の部屋に（　　　　　）、テレビｹﾞｰﾑに熱中している。,,,,
,1)こりて,2)こって,3)こもって,4)うまって,3
,,,,,
396,目を（　　　　　）と、幼い日に遊んだふるさとの情景が目に浮ぶ。,,,,
,1)つぶる,2)にぶる,3)ねだる,4)たどる,1
,,,,,
397,道がカーブしている上に強い雨のせいで（　　　　　　）が悪く、運転は危険な状況だった。,,,,
,1)見積もり,2)見通し,3)見込み,4)見晴らし,2
,,,,,
398,この会社では毎年1月1日は全員出社して、新年の挨拶をするのが（　　　　　）になっている。,,,,
,1)習慣,2)定例,3)慣例,4)家風,3
,,,,,
399,裏面に（　　　　　）されている注意事項をよく読んでおいてください。,,,,
,1)記載,2)掲載,3)記述,4)記録,1
,,,,,
400,デパートやスーパーにはいくつもの防犯カメラが（　　　　　　）してあります。,,,,
,1)処置,2)措置,3)設置,4)装置,3
,,,,,
401,彼は不正を暴露され（　　　　　　）してしまった。,,,,
,1)失格,2)失脚,3)失調,4)失望,2
,,,,,
402,地域住民の（　　　　　　）により高速道路の騒音防止対策委員会が発足した。,,,,
,1)祈願,2)要望,3)用命,4)救済,2
,,,,,
403,成田空港に着いたとき、友人が迎えにきてくれたので本当に（　　　　　）助かった。,,,,
,1)このましくて,2)こころづよくて,3)こころよくて,4)こころぼそくて,2
,,,,,
404,山奥の温泉宿は静かで、土地の人達は（　　　　　）で都会か来た客に優しかった。,,,,
,1)素朴,2)単調,3)無難,4)簡素,1
,,,,,
405,判断の基準が違う外国との交渉に臨むときには、特に（　　　　　　）姿勢が必要とされる。,,,,
,1)健全な,2)自在な,3)柔軟な,4)円満な,3
,,,,,
406,あのお宅は、（　　　　　）話し声がすることもありますが、普通は留守がちですよ。,,,,
,1)しょっちゅう,2)時折,3)頻繁に,4)たいがい,2
,,,,,
407,（　　　　　　）お約束した件について、もう一度ご相談したいと思います。,,,,
,1)せんだって,2)さきに,3)かつて,4)まえもって,1
,,,,,
408,部屋の鍵はホテルの（　　　　　）で受け取ってください。,,,,
,1)スペース,2)コーナー,3)ケース,4)フロント,4
,,,,,
409,ここはひとつ私の（　　　　　）を立てて許してやってください。,,,,
,1)顔,2)腹,3)腕,4)気,1
,,,,,
410,１度や２度（　　　　　）からといって、あきらめるのはまだ早いよ。,,,,
,1)いじった,2)さとった,3)しくじった,4)ののしった,3
,,,,,
411,古いアルバムを（　　　　　）と、写真の１枚１枚に思い出がつまっていて懐かしい。,,,,
,1)しみる,2)むしる,3)とじる,4)めくる,4
,,,,,
412,もう子供ではありませんから私の保護者のように（　　　　　）のはやめてください。,,,,
,1)振る舞う,2)振り向く,3)振り出す,4)振り返る,1
,,,,,
413,あの女優は（　　　　　）があるから、今度の映画作品の主人公に選ばれた。,,,,
,1)気立て,2)気風,3)気質,4)気品,4
,,,,,
414,（　　　　　）ある生活をするようにl心掛けて暮しています。,,,,
,1)規則,2)規律,3)規約,4)規範,2
,,,,,
415,各国間の意見の（　　　　　）に時間がかかって、なかなか声明が発表できない。,,,,
,1)調印,2)調停,3)調和,4)調整,4
,,,,,
416,会社の（　　　　　）の一部で車椅子を購入し、障害者の施設に寄付した。,,,,
,1)収益,2)収穫,3)収集,4)収支,1
,,,,,
417,彼は会社に忠実でまじめな（　　　　　）的社員だったのに、すっかり変わってしまった。,,,,
,1)模範,2)規模,3)模倣,4)模様,1
,,,,,
418,近年、東南アジアの経済の発展は（　　　　　）、日本の企業もたくさん進出している。　,,,,
,1)ややこしく,2)おびただしく,3)はなばなしく,4)いちじるしく,4
,,,,,
419,毎日の基本練習を（　　　　　）すると、決してプロとして良い成績を残すことはできない。,,,,
,1)ばかばかしく,2)うつろに,3)おろかに,4)おろそかに,4
,,,,,
420,社員研修の（　　　　　）日程が決まりましたので発表します。,,,,
,1)おおはばな,2)こまやかな,3)おおまかな,4)おおがらな,3
,,,,,
421,別れてしまった人に、（　　　　　　）愛していますとは言いにくい。,,,,
,1)もはや,2)いまだ,3)いまさら,4)なおさら,3
,,,,,
422,お忙しいとおもいますが、当日はご参加くださいますように（　　　　　）よろしくお願い致します。,,,,
,1)なるたけ,2)なにとぞ,3)ひいては,4)ひたすら,2
,,,,,
423,私なんて会社という大きな（　　　　　）の歯車の一つでしかない。,,,,
,1)ポイント,2)システム,3)ポジション,4)セクション,2
,,,,,
424,いまどき、（　　　　　　）でひとを使ったりしては、若い者はやめてしまいますよ。,,,,
,1)足,2)目,3)顔,4)おご,4
,,,,,
425,３日前に海で遭難した人を乗せた救命ボートが（　　　　　　）いるのが見つかった。,,,,
,1)さぼって,2)うかって,3)とろけて,4)ただよって,4
,,,,,
426,今、外国企業との技術提携の準備に（　　　　　）いるので、とてもほかまで手が回らない。,,,,
,1)たずさわって,2)たてまつって,3)つかさどって,4)たまわって,1
,,,,,
427,大学受験２か月前ともなると勉強も（　　　　　）に入ります。,,,,
,1)追い込み,2)追い出し,3)追いつき,4)追い越し,1
,,,,,
428,オリンピックのために（　　　　　）規模の競技場が建設されました。,,,,
,1)壮大な,2)膨大な,3)拡大な,4)盛大な,1
,,,,,
429,新しい会社を設立する（　　　　　）を練っているところです。,,,,
,1)構想,2)機構,3)構造,4)構成,1
,,,,,
430,東京の中心部では住民の減少により、小学校の（　　　　　）が相次いでいる。,,,,
,1)統合,2)統治,3)統制,4)統率,1
,,,,,
431,（　　　　　　）でものを判断すると大変な間違いを犯す。,,,,
,1)推定,2)推理,3)推測,4)推進,3
,,,,,
432,最近は化学肥料を使わない（　　　　　）農業というものが見直されている。,,,,
,1)有益,2)有機,3)有望,4)有能,2
,,,,,
433,台風のせいで（　　　　　）量の土や砂が上流から流れてきた。,,,,
,1)いちじるしい,2)ばかばかしい,3)おびただしい,4)まぎらわしい,3
,,,,,
434,（　　　　　）飛び出してきた子供を危うく車ではねるところだった。,,,,
,1)身近に,2)不意に,3)無邪気に,4)早急に,2
,,,,,
435,親にうそをつくような子供は（　　　　　）人間になれないと父に厳しく叱られた。,,,,
,1)ろくな,2)おろかな,3)寛容な,4)好評な,1
,,,,,
436,（　　　　　）きょうはひどく機嫌がいいですね、何か良いことがあったんですか。,,,,
,1)どうにか,2)どうやら,3)なんだか,4)なんなり,3
,,,,,
437,きょうは風雨が強くなるそうだ。（　　　　　）野球の試合は中止になるかも知れないね。,,,,
,1)にもかかわらず,2)しかしながら,3)案の定,4)ことによると,4
,,,,,
438,外国人のスピーチ（　　　　　）があるので一生懸命暗記しています。,,,,
,1)コンタクト,2)コントラスト,3)コンテスト,4)コントロール,3
,,,,,
439,政治運動に（　　　　　）を突っ込みすぎて、家庭が崩壊してしまった・,,,,
,1)足,2)顔,3)首,4)頭,3
,,,,,
440,体の調子が良いと、どんどん仕事が（　　　　　）。,,,,
,1)たばねる,2)はかどる,3)またがる,4)ゆさぶる,2
,,,,,
441,肉体的、精神的に余裕がないと他人を（　　　　　）やさしさを失いがちである。,,,,
,1)あやつる,2)あやまる,3)いたわる,4)おしむ,3
,,,,,
442,長い間住み慣れた土地には（　　　　　）が残る。,,,,
,1)未知,2)未定,3)未練,4)未熟,3
,,,,,
443,その喫茶店を探すときは何か（　　　　　）となるような建物がありますか。,,,,
,1)目安,2)目印,3)目途,4)目付き,2
,,,,,
444,東京都はゴミの（　　　　　）収集を徹底するために透明ゴミ袋をくばった。,,,,
,1)個別,2)分別,3)区別,4)差別,2
,,,,,
445,会議の前に（　　　　　）した資料に目を通しておいてください。,,,,
,1)配達,2)配分,3)配布,4)配列,3
,,,,,
446,（　　　　　　）の用紙に必要事項を書いて３番の窓口に提出してください。,,,,
,1)所在,2)所属,3)所定,4)所持,3
,,,,,
447,行政が福祉施設に補助金を出すことは消費者に税金を（　　　　　）することと言える。,,,,
,1)返還,2)返済,3)弁償,4)還元,4
,,,,,
448,目的もなく、ただ時間に追われて仕事をする忙しい生活を（　　　　　）感じる。,,,,
,1)みぐるしく,2)むなしく,3)はかなく,4)たやすく,2
,,,,,
449,こんな（　　　　　）な内容のレポートでは合格はおぼつかない。,,,,
,1)小柄,2)不吉,3)貧弱,4)簡易,3
,,,,,
450,崩壊したビルの現場から(　　　　　)助けを呼ぶ声が聞こえて､救助作業が再開された｡,,,,
,1)はるかな,2)かすかな,3)ひそかな,4)しとやかな,2
,,,,,
451,（　　　　　）ハイキングに出かけようというときに雨がぽつぽつ降り出してしまった。,,,,
,1)さぞ,2)さも,3)いざ,4)なんか,3
,,,,,
452,水曜日（　　　　　　）金曜日のどちらかの午前中にお越しください。,,,,
,1)ならびに,2)もしくは,3)およびに,4)かつ,2
,,,,,
453,コンサートが素晴らしかったので（　　　　　）を求める拍手が鳴り止まなかった。,,,,
,1)アンケート,2)アンコール,3)アルコール,4)アプローチ,2
,,,,,
454,組合運動をやり過ぎて、とうとう会社を（　　　　　）になってしまった。,,,,
,1)顔,2)気,3)首,4)手足,3
,,,,,
455,自動販売機の普及により、女性社員が休憩時間のお茶を配る習慣が（　　　　　）つつある。,,,,
,1)ほろび,2)ほころび,3)ほどこし,4)すたれ,4
,,,,,
456,目の見えない人を目的地まで安全に（　　　　　）犬のことを盲導犬という。,,,,
,1)ひきいる,2)ひきずる,3)うながす,4)みちびく,4
,,,,,
457,あと一歩というところで優勝を逃してしまい（　　　　　）でなりません。,,,,
,1)無念,2)無闇,3)無能,4)無口,1
,,,,,
458,最後まで（　　　　　）を張り通してしまうと、気まずい関係になるよ。,,,,
,1)意地,2)熱意,3)意志,4)決意,1
,,,,,
459,会社に貢献した（　　　　　）が認められて管理職に昇進した。,,,,
,1)効能,2)業績,3)名誉,4)能率,2
,,,,,
460,子供を相手に（　　　　　）でけんかをするなんて頭がおかしいんじゃないですか。,,,,
,1)本質,2)本能,3)本気,4)本音,3
,,,,,
461,街頭デモを（　　　　　）しようとする警官が参加者を数人逮捕したらしい。,,,,
,1)停止,2)阻止,3)中止,4)禁止,2
,,,,,
462,円滑な人間関係を保ちたいという考えが（　　　　　）にあるから、贈り物をするのだろう。,,,,
,1)根気,2)根本,3)根底,4)根拠,3
